{
  "hash": "e5e26046",
  "configHash": "c7c6fe70",
  "lockfileHash": "d7d058bb",
  "browserHash": "bfe6d0eb",
  "optimized": {
    "@angular/core": {
      "src": "../../../../../../node_modules/@angular/core/fesm2022/core.mjs",
      "file": "@angular_core.js",
      "fileHash": "80e1f5cb",
      "needsInterop": false
    },
    "@angular/platform-browser": {
      "src": "../../../../../../node_modules/@angular/platform-browser/fesm2022/platform-browser.mjs",
      "file": "@angular_platform-browser.js",
      "fileHash": "22ee3200",
      "needsInterop": false
    },
    "@angular/router": {
      "src": "../../../../../../node_modules/@angular/router/fesm2022/router.mjs",
      "file": "@angular_router.js",
      "fileHash": "8b35ccb4",
      "needsInterop": false
    },
    "firebase/analytics": {
      "src": "../../../../../../node_modules/firebase/analytics/dist/esm/index.esm.js",
      "file": "firebase_analytics.js",
      "fileHash": "852cec0e",
      "needsInterop": false
    },
    "firebase/app": {
      "src": "../../../../../../node_modules/firebase/app/dist/esm/index.esm.js",
      "file": "firebase_app.js",
      "fileHash": "25ff4761",
      "needsInterop": false
    },
    "@angular/forms": {
      "src": "../../../../../../node_modules/@angular/forms/fesm2022/forms.mjs",
      "file": "@angular_forms.js",
      "fileHash": "0dd87b76",
      "needsInterop": false
    },
    "firebase/auth": {
      "src": "../../../../../../node_modules/firebase/auth/dist/esm/index.esm.js",
      "file": "firebase_auth.js",
      "fileHash": "06ce8d37",
      "needsInterop": false
    },
    "@firebase/analytics": {
      "src": "../../../../../../node_modules/@firebase/analytics/dist/esm/index.esm2017.js",
      "file": "@firebase_analytics.js",
      "fileHash": "98e018fe",
      "needsInterop": false
    },
    "@angular/common": {
      "src": "../../../../../../node_modules/@angular/common/fesm2022/common.mjs",
      "file": "@angular_common.js",
      "fileHash": "4287a41a",
      "needsInterop": false
    }
  },
  "chunks": {
    "chunk-D23XWH5G": {
      "file": "chunk-D23XWH5G.js"
    },
    "chunk-KAXY65WC": {
      "file": "chunk-KAXY65WC.js"
    },
    "chunk-64V3WVWJ": {
      "file": "chunk-64V3WVWJ.js"
    },
    "chunk-IYEYSCYL": {
      "file": "chunk-IYEYSCYL.js"
    },
    "chunk-PSMQJXY7": {
      "file": "chunk-PSMQJXY7.js"
    },
    "chunk-4ZA33LKB": {
      "file": "chunk-4ZA33LKB.js"
    },
    "chunk-5K356HEJ": {
      "file": "chunk-5K356HEJ.js"
    }
  }
}